Image,Subject,MOS_PH,MOS_PA,MOS_PL,MOS_BH,MOS_BA,MOS_BL,MOS_MBH,MOS_MBA,MOS_MBL,MOS_GBH,MOS_GBA,MOS_GBL,MOS_GNH,MOS_GNA,MOS_GNL,MOS_SPH,MOS_SPA,MOS_SPL,MOS_PN,MOS_OR
2,1,1.275720317,1.474798541,1.275720317,1.176181205,1.275720317,1.375259429,1.176181205,1.176181205,1.275720317,1.176181205,1.176181205,1.375259429,1.375259429,1.375259429,1.375259429,1.275720317,1.275720317,1.375259429,1.474798541,1.474798541
2,2,1.24268544,1.393515587,1.468930661,1.24268544,1.318100514,1.318100514,1.167270366,1.24268544,1.24268544,1.167270366,1.167270366,1.167270366,1.393515587,1.318100514,1.393515587,1.318100514,1.318100514,1.393515587,1.468930661,1.468930661
2,3,1.380411808,1.302797584,1.225183359,1.225183359,1.225183359,1.380411808,1.147569134,1.302797584,1.147569134,1.458026033,1.225183359,1.225183359,1.458026033,1.458026033,1.380411808,1.380411808,1.302797584,1.458026033,1.302797584,1.225183359
2,4,1.463846448,1.463846448,1.306628559,1.228019615,1.228019615,1.385237503,1.385237503,1.306628559,1.306628559,1.306628559,1.14941067,1.14941067,1.463846448,1.306628559,1.385237503,1.385237503,1.385237503,1.14941067,1.228019615,1.228019615
2,5,1.273890285,1.169122511,1.483425834,1.064354737,1.273890285,1.483425834,1.273890285,1.169122511,1.378658059,1.378658059,1.378658059,1.273890285,1.273890285,1.378658059,1.273890285,1.378658059,1.273890285,1.273890285,1.378658059,1.378658059
2,6,1.268173161,1.268173161,1.362363928,1.268173161,1.268173161,1.55074546,1.173982395,1.173982395,1.268173161,1.173982395,1.173982395,1.268173161,1.362363928,1.362363928,1.362363928,1.268173161,1.456554694,1.456554694,1.362363928,1.362363928
2,7,1.337005633,1.425161055,1.513316477,1.337005633,1.337005633,1.160694789,1.337005633,1.248850211,1.248850211,1.160694789,1.160694789,1.337005633,1.337005633,1.248850211,1.248850211,1.248850211,1.248850211,1.337005633,1.425161055,1.513316477
2,8,1.42878179,1.166064493,1.297423141,1.42878179,1.42878179,1.297423141,1.166064493,1.42878179,1.166064493,1.42878179,1.297423141,1.297423141,1.297423141,1.42878179,1.297423141,1.297423141,1.166064493,1.42878179,1.166064493,1.297423141
2,9,1.206422309,1.206422309,1.355189019,1.355189019,1.355189019,1.429572375,1.206422309,1.355189019,1.280805664,1.206422309,1.206422309,1.280805664,1.206422309,1.206422309,1.355189019,1.50395573,1.355189019,1.50395573,1.206422309,1.429572375
2,10,1.387451073,1.387451073,1.387451073,1.387451073,1.269155586,1.50574656,1.150860098,1.269155586,1.269155586,1.150860098,1.150860098,1.150860098,1.269155586,1.269155586,1.387451073,1.269155586,1.387451073,1.387451073,1.387451073,1.387451073
2,11,1.455111831,1.455111831,1.384598258,1.243571112,1.243571112,1.384598258,1.243571112,1.173057539,1.314084685,1.173057539,1.173057539,1.173057539,1.243571112,1.455111831,1.384598258,1.314084685,1.314084685,1.243571112,1.455111831,1.384598258
2,12,1.348359045,1.348359045,1.442859141,1.253858948,1.253858948,1.348359045,1.159358852,1.253858948,1.253858948,1.159358852,1.159358852,1.159358852,1.348359045,1.253858948,1.348359045,1.442859141,1.442859141,1.442859141,1.348359045,1.442859141
2,13,1.333706708,1.426297514,1.426297514,1.333706708,1.426297514,1.426297514,1.148525095,1.241115901,1.241115901,1.148525095,1.148525095,1.148525095,1.241115901,1.333706708,1.333706708,1.333706708,1.333706708,1.426297514,1.333706708,1.426297514
2,14,1.486081397,1.486081397,1.241166433,1.404443076,1.241166433,1.322804754,1.404443076,1.322804754,1.322804754,1.159528112,1.159528112,1.404443076,1.241166433,1.241166433,1.241166433,1.159528112,1.404443076,1.241166433,1.322804754,1.404443076
2,15,1.496698577,1.331241181,1.496698577,1.165783785,1.248512483,1.331241181,1.248512483,1.248512483,1.331241181,1.165783785,1.165783785,1.165783785,1.413969879,1.331241181,1.331241181,1.248512483,1.413969879,1.331241181,1.413969879,1.331241181
2,16,1.222539526,1.302557235,1.222539526,1.222539526,1.222539526,1.222539526,1.542610363,1.222539526,1.382574945,1.462592654,1.222539526,1.302557235,1.382574945,1.462592654,1.302557235,1.302557235,1.222539526,1.302557235,1.222539526,1.462592654
2,17,1.432587236,1.432587236,1.432587236,1.258261193,1.345424215,1.432587236,1.432587236,1.258261193,1.345424215,1.171098172,1.171098172,1.171098172,1.258261193,1.432587236,1.258261193,1.345424215,1.171098172,1.345424215,1.171098172,1.345424215
2,18,1.331154825,1.228175732,1.228175732,1.434133917,1.331154825,1.434133917,1.228175732,1.228175732,1.228175732,1.228175732,1.331154825,1.228175732,1.331154825,1.228175732,1.331154825,1.537113009,1.331154825,1.537113009,1.228175732,1.228175732
2,19,1.287411305,1.287411305,1.287411305,1.194820498,1.287411305,1.380002111,1.287411305,1.194820498,1.194820498,1.194820498,1.194820498,1.287411305,1.194820498,1.380002111,1.287411305,1.472592918,1.472592918,1.472592918,1.380002111,1.472592918
4,20,1.194820498,1.194820498,1.287411305,1.380002111,1.380002111,1.380002111,1.194820498,1.194820498,1.287411305,1.194820498,1.194820498,1.194820498,1.287411305,1.380002111,1.380002111,1.287411305,1.380002111,1.472592918,1.472592918,1.472592918
4,21,1.167611803,1.167611803,1.266196081,1.167611803,1.167611803,1.364780359,1.266196081,1.364780359,1.364780359,1.266196081,1.266196081,1.266196081,1.266196081,1.463364637,1.463364637,1.266196081,1.463364637,1.364780359,1.463364637,1.364780359
4,22,1.154891182,1.154891182,1.274635662,1.274635662,1.274635662,1.274635662,1.274635662,1.394380142,1.394380142,1.154891182,1.274635662,1.394380142,1.274635662,1.274635662,1.394380142,1.274635662,1.274635662,1.394380142,1.514124622,1.514124622
4,23,1.154891182,1.154891182,1.274635662,1.274635662,1.274635662,1.274635662,1.274635662,1.394380142,1.394380142,1.154891182,1.274635662,1.394380142,1.274635662,1.274635662,1.394380142,1.274635662,1.274635662,1.394380142,1.514124622,1.514124622
4,24,1.489888258,1.35194268,1.489888258,1.35194268,1.213997101,1.420915469,1.28296989,1.213997101,1.213997101,1.213997101,1.213997101,1.213997101,1.213997101,1.420915469,1.213997101,1.28296989,1.213997101,1.35194268,1.420915469,1.420915469
4,25,1.285925998,1.368036026,1.450146055,1.368036026,1.368036026,1.532256083,1.203815969,1.368036026,1.285925998,1.203815969,1.203815969,1.285925998,1.203815969,1.203815969,1.285925998,1.203815969,1.203815969,1.285925998,1.450146055,1.450146055
4,26,1.235613488,1.422977284,1.422977284,1.329295386,1.329295386,1.422977284,1.14193159,1.235613488,1.329295386,1.14193159,1.235613488,1.329295386,1.235613488,1.235613488,1.329295386,1.235613488,1.235613488,1.422977284,1.422977284,1.516659182
4,27,1.249714926,1.401825126,1.477880226,1.173659826,1.249714926,1.325770026,1.173659826,1.401825126,1.325770026,1.173659826,1.173659826,1.173659826,1.249714926,1.325770026,1.401825126,1.325770026,1.325770026,1.401825126,1.401825126,1.477880226
4,28,1.466811135,1.394135726,1.1761095,1.1761095,1.394135726,1.321460318,1.248784909,1.1761095,1.248784909,1.394135726,1.466811135,1.1761095,1.1761095,1.394135726,1.321460318,1.321460318,1.248784909,1.321460318,1.466811135,1.321460318
4,29,1.393515587,1.318100514,1.468930661,1.24268544,1.167270366,1.24268544,1.318100514,1.24268544,1.393515587,1.167270366,1.167270366,1.167270366,1.24268544,1.393515587,1.318100514,1.318100514,1.318100514,1.393515587,1.468930661,1.468930661
4,30,1.170971958,1.335192015,1.335192015,1.170971958,1.170971958,1.253081986,1.253081986,1.335192015,1.499412072,1.170971958,1.253081986,1.335192015,1.253081986,1.253081986,1.335192015,1.335192015,1.417302043,1.417302043,1.417302043,1.499412072
4,31,1.326715695,1.326715695,1.165148803,1.488282588,1.488282588,1.165148803,1.326715695,1.326715695,1.326715695,1.165148803,1.326715695,1.326715695,1.326715695,1.326715695,1.326715695,1.488282588,1.326715695,1.165148803,1.326715695,1.165148803
4,32,1.229789891,1.229789891,1.32481238,1.229789891,1.229789891,1.32481238,1.229789891,1.32481238,1.32481238,1.229789891,1.229789891,1.229789891,1.229789891,1.32481238,1.32481238,1.32481238,1.32481238,1.419834868,1.514857357,1.609879846
4,33,1.158448806,1.158448806,1.401825126,1.280136966,1.401825126,1.401825126,1.280136966,1.280136966,1.401825126,1.158448806,1.158448806,1.401825126,1.280136966,1.280136966,1.401825126,1.280136966,1.280136966,1.280136966,1.401825126,1.523513287
4,34,1.324973077,1.324973077,1.46911378,1.397043428,1.397043428,1.46911378,1.180832373,1.252902725,1.252902725,1.180832373,1.180832373,1.180832373,1.180832373,1.252902725,1.324973077,1.252902725,1.324973077,1.397043428,1.397043428,1.46911378
4,35,1.214897324,1.214897324,1.285757829,1.285757829,1.214897324,1.214897324,1.214897324,1.285757829,1.42747884,1.214897324,1.214897324,1.214897324,1.285757829,1.42747884,1.42747884,1.285757829,1.356618335,1.42747884,1.498339345,1.498339345
16,36,1.274315198,1.364924719,1.274315198,1.274315198,1.364924719,1.274315198,1.183705677,1.183705677,1.274315198,1.183705677,1.183705677,1.183705677,1.274315198,1.364924719,1.364924719,1.364924719,1.364924719,1.45553424,1.45553424,1.54614376
16,37,1.437412335,1.437412335,1.437412335,1.346802815,1.165583773,1.256193294,1.165583773,1.256193294,1.346802815,1.165583773,1.165583773,1.165583773,1.346802815,1.346802815,1.346802815,1.346802815,1.437412335,1.437412335,1.256193294,1.346802815
16,38,1.49642162,1.417331146,1.259150198,1.338240672,1.338240672,1.49642162,1.180059724,1.180059724,1.417331146,1.180059724,1.180059724,1.180059724,1.259150198,1.259150198,1.338240672,1.259150198,1.338240672,1.338240672,1.417331146,1.338240672
16,39,1.424565709,1.424565709,1.3401163,1.25566689,1.3401163,1.424565709,1.17121748,1.25566689,1.25566689,1.086768071,1.17121748,1.17121748,1.25566689,1.3401163,1.3401163,1.3401163,1.3401163,1.424565709,1.424565709,1.424565709
16,40,1.201720051,1.409032347,1.201720051,1.409032347,1.305376199,1.409032347,1.201720051,1.201720051,1.409032347,1.409032347,1.201720051,1.305376199,1.409032347,1.512688495,1.305376199,1.201720051,1.409032347,1.201720051,1.305376199,1.201720051
16,41,1.458259275,1.359792429,1.458259275,1.261325583,1.261325583,1.458259275,1.261325583,1.162858737,1.261325583,1.162858737,1.162858737,1.162858737,1.359792429,1.458259275,1.359792429,1.261325583,1.261325583,1.359792429,1.359792429,1.359792429
16,42,1.493573135,1.382655481,1.382655481,1.271737827,1.382655481,1.382655481,1.160820173,1.271737827,1.271737827,1.160820173,1.160820173,1.160820173,1.271737827,1.271737827,1.382655481,1.271737827,1.382655481,1.382655481,1.271737827,1.493573135
16,43,1.195499064,1.418195726,1.343963506,1.195499064,1.195499064,1.269731285,1.195499064,1.343963506,1.269731285,1.195499064,1.195499064,1.269731285,1.418195726,1.269731285,1.492427947,1.418195726,1.269731285,1.418195726,1.343963506,1.492427947
16,44,1.478476456,1.405468869,1.405468869,1.405468869,1.186446109,1.259453696,1.186446109,1.186446109,1.332461282,1.186446109,1.186446109,1.186446109,1.259453696,1.259453696,1.332461282,1.332461282,1.332461282,1.405468869,1.405468869,1.478476456
16,45,1.502409062,1.42077074,1.42077074,1.257494097,1.175855776,1.339132419,1.175855776,1.175855776,1.339132419,1.175855776,1.175855776,1.257494097,1.42077074,1.339132419,1.42077074,1.339132419,1.257494097,1.257494097,1.339132419,1.42077074
16,46,1.281001713,1.534349942,1.281001713,1.196552303,1.196552303,1.196552303,1.196552303,1.281001713,1.365451122,1.196552303,1.196552303,1.196552303,1.365451122,1.365451122,1.365451122,1.365451122,1.365451122,1.365451122,1.449900532,1.449900532
16,47,1.364780359,1.266196081,1.266196081,1.266196081,1.364780359,1.463364637,1.167611803,1.266196081,1.266196081,1.167611803,1.167611803,1.167611803,1.463364637,1.364780359,1.364780359,1.266196081,1.266196081,1.364780359,1.463364637,1.463364637
16,48,1.212969566,1.482181815,1.212969566,1.212969566,1.212969566,1.347575691,1.212969566,1.212969566,1.280272628,1.212969566,1.212969566,1.212969566,1.414878753,1.482181815,1.482181815,1.347575691,1.414878753,1.347575691,1.347575691,1.347575691
16,49,1.357603171,1.4516915,1.169426513,1.263514842,1.263514842,1.4516915,1.263514842,1.357603171,1.357603171,1.169426513,1.169426513,1.263514842,1.357603171,1.263514842,1.263514842,1.169426513,1.357603171,1.357603171,1.357603171,1.545779829
16,50,1.223517692,1.223517692,1.332319335,1.223517692,1.332319335,1.441120977,1.223517692,1.223517692,1.223517692,1.223517692,1.223517692,1.223517692,1.332319335,1.441120977,1.441120977,1.223517692,1.332319335,1.332319335,1.441120977,1.549922619
18,51,1.199011526,1.401825126,1.401825126,1.199011526,1.199011526,1.199011526,1.199011526,1.199011526,1.401825126,1.199011526,1.199011526,1.199011526,1.401825126,1.401825126,1.401825126,1.401825126,1.401825126,1.401825126,1.401825126,1.401825126
18,52,1.286370444,1.479878941,1.383124692,1.286370444,1.286370444,1.286370444,1.189616196,1.189616196,1.189616196,1.189616196,1.286370444,1.189616196,1.383124692,1.383124692,1.383124692,1.383124692,1.189616196,1.479878941,1.479878941,1.286370444
18,53,1.160257591,1.263913739,1.367569888,1.367569888,1.367569888,1.367569888,1.160257591,1.263913739,1.263913739,1.160257591,1.263913739,1.263913739,1.263913739,1.367569888,1.471226036,1.367569888,1.160257591,1.367569888,1.471226036,1.471226036
18,54,1.222276737,1.452578309,1.375811118,1.375811118,1.452578309,1.452578309,1.222276737,1.222276737,1.299043928,1.145509546,1.145509546,1.145509546,1.299043928,1.299043928,1.299043928,1.299043928,1.299043928,1.375811118,1.375811118,1.452578309
18,55,1.456957926,1.383758466,1.383758466,1.310559006,1.456957926,1.456957926,1.164160087,1.237359546,1.237359546,1.164160087,1.164160087,1.164160087,1.310559006,1.310559006,1.383758466,1.237359546,1.383758466,1.383758466,1.237359546,1.383758466
18,56,1.477069164,1.477069164,1.477069164,1.268931467,1.373000315,1.373000315,1.268931467,1.164862618,1.268931467,1.164862618,1.164862618,1.164862618,1.268931467,1.268931467,1.268931467,1.268931467,1.373000315,1.373000315,1.373000315,1.373000315
18,57,1.209660514,1.512355991,1.512355991,1.209660514,1.209660514,1.411457498,1.310559006,1.209660514,1.310559006,1.209660514,1.209660514,1.209660514,1.310559006,1.310559006,1.310559006,1.209660514,1.310559006,1.411457498,1.411457498,1.411457498
18,58,1.531884012,1.351210538,1.441547275,1.260873801,1.260873801,1.351210538,1.260873801,1.170537064,1.351210538,1.170537064,1.170537064,1.170537064,1.260873801,1.441547275,1.351210538,1.260873801,1.260873801,1.351210538,1.351210538,1.441547275
18,59,1.254343159,1.32047945,1.38661574,1.188206869,1.188206869,1.452752031,1.188206869,1.254343159,1.254343159,1.188206869,1.188206869,1.188206869,1.32047945,1.38661574,1.452752031,1.38661574,1.32047945,1.452752031,1.452752031,1.38661574
18,60,1.180299613,1.180299613,1.353978804,1.180299613,1.267139208,1.267139208,1.180299613,1.267139208,1.353978804,1.180299613,1.267139208,1.267139208,1.353978804,1.4408184,1.353978804,1.4408184,1.353978804,1.4408184,1.527657995,1.353978804
18,61,1.418195726,1.418195726,1.343963506,1.269731285,1.269731285,1.343963506,1.121266844,1.195499064,1.269731285,1.195499064,1.195499064,1.121266844,1.343963506,1.418195726,1.269731285,1.343963506,1.418195726,1.418195726,1.418195726,1.418195726
18,62,1.299207039,1.299207039,1.412726712,1.185687366,1.185687366,1.412726712,1.185687366,1.299207039,1.412726712,1.185687366,1.185687366,1.185687366,1.299207039,1.299207039,1.412726712,1.299207039,1.299207039,1.412726712,1.412726712,1.526246384
18,63,1.132872613,1.335942777,1.234407695,1.437477859,1.335942777,1.437477859,1.335942777,1.335942777,1.234407695,1.132872613,1.132872613,1.437477859,1.335942777,1.335942777,1.437477859,1.234407695,1.437477859,1.335942777,1.234407695,1.335942777
18,64,1.429802679,1.338076777,1.429802679,1.338076777,1.338076777,1.338076777,1.154624973,1.246350875,1.429802679,1.154624973,1.062899071,1.246350875,1.246350875,1.338076777,1.338076777,1.338076777,1.246350875,1.338076777,1.429802679,1.429802679
18,65,1.310559006,1.310559006,1.431155771,1.310559006,1.431155771,1.310559006,1.189962242,1.310559006,1.431155771,1.189962242,1.310559006,1.310559006,1.189962242,1.189962242,1.310559006,1.189962242,1.189962242,1.431155771,1.310559006,1.551752535
18,66,1.248850211,1.248850211,1.425161055,1.072539367,1.248850211,1.248850211,1.248850211,1.425161055,1.248850211,1.248850211,1.248850211,1.248850211,1.425161055,1.425161055,1.425161055,1.248850211,1.425161055,1.248850211,1.425161055,1.425161055
18,67,1.481108586,1.481108586,1.481108586,1.395833796,1.395833796,1.395833796,1.225284216,1.225284216,1.310559006,1.225284216,1.140009426,1.225284216,1.225284216,1.225284216,1.310559006,1.225284216,1.225284216,1.310559006,1.395833796,1.310559006
18,68,1.29484384,1.29484384,1.29484384,1.399611614,1.399611614,1.29484384,1.29484384,1.399611614,1.190076066,1.504379388,1.190076066,1.29484384,1.085308292,1.504379388,1.399611614,1.29484384,1.29484384,1.190076066,1.29484384,1.29484384
18,69,1.259150198,1.417331146,1.49642162,1.180059724,1.259150198,1.338240672,1.180059724,1.259150198,1.338240672,1.180059724,1.180059724,1.180059724,1.259150198,1.259150198,1.417331146,1.417331146,1.338240672,1.417331146,1.417331146,1.417331146
19,70,1.432587236,1.171098172,1.345424215,1.258261193,1.432587236,1.258261193,1.258261193,1.258261193,1.258261193,1.171098172,1.171098172,1.171098172,1.345424215,1.345424215,1.345424215,1.258261193,1.345424215,1.432587236,1.432587236,1.519750258
19,71,1.337005633,1.425161055,1.425161055,1.337005633,1.425161055,1.425161055,1.337005633,1.337005633,1.337005633,1.160694789,1.160694789,1.248850211,1.160694789,1.248850211,1.248850211,1.160694789,1.248850211,1.337005633,1.337005633,1.513316477
19,72,1.333706708,1.426297514,1.426297514,1.333706708,1.333706708,1.241115901,1.148525095,1.241115901,1.241115901,1.148525095,1.148525095,1.148525095,1.333706708,1.333706708,1.426297514,1.333706708,1.333706708,1.426297514,1.426297514,1.426297514
19,73,1.184839969,1.428167138,1.347058081,1.347058081,1.265949025,1.265949025,1.265949025,1.347058081,1.265949025,1.103730913,1.103730913,1.184839969,1.347058081,1.347058081,1.347058081,1.347058081,1.428167138,1.428167138,1.428167138,1.428167138
19,74,1.442859141,1.348359045,1.537359237,1.253858948,1.253858948,1.348359045,1.159358852,1.253858948,1.253858948,1.159358852,1.159358852,1.253858948,1.253858948,1.253858948,1.348359045,1.348359045,1.348359045,1.442859141,1.442859141,1.348359045
19,75,1.357832097,1.357832097,1.515409068,1.357832097,1.200255127,1.515409068,1.200255127,1.200255127,1.357832097,1.200255127,1.200255127,1.200255127,1.200255127,1.357832097,1.357832097,1.357832097,1.200255127,1.357832097,1.357832097,1.357832097
19,76,1.23366694,1.351962427,1.351962427,1.351962427,1.351962427,1.351962427,1.23366694,1.115371452,1.351962427,1.115371452,1.351962427,1.351962427,1.351962427,1.351962427,1.351962427,1.351962427,1.115371452,1.23366694,1.470257914,1.470257914
19,77,1.371403086,1.371403086,1.371403086,1.371403086,1.523513287,1.219292886,1.219292886,1.219292886,1.219292886,1.219292886,1.219292886,1.219292886,1.523513287,1.219292886,1.371403086,1.371403086,1.219292886,1.371403086,1.371403086,1.219292886
19,78,1.337005633,1.425161055,1.337005633,1.425161055,1.513316477,1.337005633,1.160694789,1.248850211,1.248850211,1.160694789,1.160694789,1.160694789,1.337005633,1.248850211,1.248850211,1.337005633,1.337005633,1.337005633,1.425161055,1.425161055
19,79,1.456957926,1.456957926,1.310559006,1.164160087,1.383758466,1.456957926,1.164160087,1.310559006,1.237359546,1.164160087,1.164160087,1.237359546,1.310559006,1.310559006,1.237359546,1.310559006,1.310559006,1.383758466,1.383758466,1.456957926
19,80,1.350134651,1.449073763,1.152256428,1.251195539,1.350134651,1.350134651,1.251195539,1.350134651,1.251195539,1.053317316,1.152256428,1.251195539,1.350134651,1.350134651,1.350134651,1.350134651,1.350134651,1.350134651,1.449073763,1.449073763
19,81,1.241872797,1.458776616,1.31417407,1.386475343,1.31417407,1.458776616,1.169571524,1.241872797,1.241872797,1.169571524,1.169571524,1.241872797,1.241872797,1.31417407,1.241872797,1.31417407,1.458776616,1.458776616,1.31417407,1.458776616
19,82,1.409916973,1.409916973,1.161522056,1.409916973,1.409916973,1.409916973,1.161522056,1.285719515,1.285719515,1.161522056,1.161522056,1.285719515,1.161522056,1.285719515,1.285719515,1.285719515,1.409916973,1.409916973,1.409916973,1.409916973
19,83,1.238048708,1.467028596,1.467028596,1.238048708,1.314375338,1.390701967,1.161722079,1.238048708,1.390701967,1.161722079,1.161722079,1.161722079,1.314375338,1.314375338,1.390701967,1.238048708,1.390701967,1.390701967,1.390701967,1.390701967
19,84,1.340312348,1.414695704,1.489079059,1.265928993,1.340312348,1.191545638,1.191545638,1.191545638,1.265928993,1.191545638,1.191545638,1.191545638,1.265928993,1.340312348,1.414695704,1.265928993,1.414695704,1.489079059,1.414695704,1.340312348
19,85,1.240706204,1.395934653,1.473548878,1.318320429,1.318320429,1.395934653,1.240706204,1.163091979,1.318320429,1.163091979,1.163091979,1.163091979,1.318320429,1.318320429,1.395934653,1.240706204,1.318320429,1.318320429,1.473548878,1.473548878
19,86,1.224726099,1.29936341,1.37400072,1.29936341,1.37400072,1.448638031,1.224726099,1.224726099,1.224726099,1.150088788,1.150088788,1.150088788,1.29936341,1.37400072,1.29936341,1.448638031,1.37400072,1.448638031,1.37400072,1.448638031
20,87,1.341209357,1.341209357,1.341209357,1.253636925,1.253636925,1.42878179,1.166064493,1.253636925,1.253636925,1.166064493,1.166064493,1.166064493,1.341209357,1.341209357,1.341209357,1.253636925,1.42878179,1.42878179,1.42878179,1.516354222
20,88,1.200255127,1.357832097,1.357832097,1.200255127,1.357832097,1.515409068,1.200255127,1.200255127,1.200255127,1.200255127,1.200255127,1.200255127,1.357832097,1.357832097,1.357832097,1.357832097,1.357832097,1.357832097,1.357832097,1.515409068
20,89,1.287411305,1.287411305,1.287411305,1.194820498,1.287411305,1.472592918,1.194820498,1.287411305,1.287411305,1.194820498,1.194820498,1.194820498,1.287411305,1.287411305,1.380002111,1.287411305,1.380002111,1.380002111,1.472592918,1.565183724
20,90,1.272758968,1.367259064,1.367259064,1.272758968,1.367259064,1.367259064,1.178258872,1.178258872,1.178258872,1.178258872,1.178258872,1.178258872,1.272758968,1.367259064,1.367259064,1.367259064,1.367259064,1.46175916,1.46175916,1.46175916
20,91,1.31603906,1.31603906,1.206437983,1.206437983,1.206437983,1.206437983,1.206437983,1.31603906,1.31603906,1.206437983,1.206437983,1.206437983,1.31603906,1.425640137,1.425640137,1.31603906,1.425640137,1.425640137,1.425640137,1.535241215
20,92,1.20217664,1.20217664,1.346686462,1.20217664,1.20217664,1.20217664,1.491196284,1.346686462,1.346686462,1.20217664,1.20217664,1.346686462,1.346686462,1.346686462,1.20217664,1.346686462,1.346686462,1.346686462,1.491196284,1.491196284
20,93,1.436246462,1.352454825,1.436246462,1.268663188,1.184871551,1.352454825,1.184871551,1.268663188,1.436246462,1.184871551,1.184871551,1.184871551,1.268663188,1.268663188,1.268663188,1.268663188,1.352454825,1.436246462,1.352454825,1.520038099
20,94,1.384995574,1.297423141,1.472568006,1.209850709,1.209850709,1.384995574,1.209850709,1.209850709,1.209850709,1.209850709,1.209850709,1.209850709,1.297423141,1.297423141,1.297423141,1.384995574,1.384995574,1.384995574,1.384995574,1.560140438
20,95,1.289963188,1.289963188,1.289963188,1.289963188,1.186984095,1.289963188,1.289963188,1.186984095,1.186984095,1.289963188,1.186984095,1.186984095,1.289963188,1.39294228,1.39294228,1.39294228,1.39294228,1.39294228,1.39294228,1.598900465
20,96,1.433096326,1.199691907,1.433096326,1.316394117,1.316394117,1.316394117,1.199691907,1.199691907,1.316394117,1.199691907,1.199691907,1.199691907,1.199691907,1.316394117,1.316394117,1.316394117,1.433096326,1.316394117,1.433096326,1.549798535
24,97,1.310559006,1.310559006,1.310559006,1.431155771,1.431155771,1.431155771,1.189962242,1.189962242,1.189962242,1.189962242,1.189962242,1.189962242,1.310559006,1.310559006,1.310559006,1.310559006,1.310559006,1.310559006,1.431155771,1.551752535
24,98,1.211201039,1.211201039,1.335398498,1.459595956,1.211201039,1.335398498,1.211201039,1.335398498,1.335398498,1.211201039,1.211201039,1.211201039,1.335398498,1.335398498,1.335398498,1.211201039,1.335398498,1.335398498,1.459595956,1.583793415
24,99,1.300418326,1.300418326,1.300418326,1.199011526,1.199011526,1.199011526,1.199011526,1.199011526,1.300418326,1.199011526,1.199011526,1.300418326,1.401825126,1.401825126,1.300418326,1.401825126,1.401825126,1.401825126,1.503231926,1.503231926
24,100,1.235880509,1.471707342,1.471707342,1.393098398,1.314489453,1.393098398,1.157271565,1.235880509,1.314489453,1.157271565,1.235880509,1.235880509,1.235880509,1.235880509,1.314489453,1.235880509,1.314489453,1.314489453,1.471707342,1.471707342
24,101,1.337005633,1.425161055,1.513316477,1.337005633,1.248850211,1.160694789,1.248850211,1.160694789,1.248850211,1.425161055,1.160694789,1.337005633,1.248850211,1.248850211,1.248850211,1.248850211,1.337005633,1.425161055,1.425161055,1.425161055
24,102,1.343816877,1.343816877,1.438839366,1.248794389,1.343816877,1.438839366,1.248794389,1.1537719,1.248794389,1.1537719,1.1537719,1.248794389,1.248794389,1.343816877,1.343816877,1.248794389,1.343816877,1.438839366,1.343816877,1.533861855
24,103,1.37320894,1.37320894,1.451521358,1.451521358,1.37320894,1.37320894,1.138271687,1.216584105,1.216584105,1.138271687,1.138271687,1.216584105,1.294896523,1.294896523,1.294896523,1.294896523,1.37320894,1.37320894,1.37320894,1.451521358
24,104,1.185687366,1.299207039,1.299207039,1.299207039,1.299207039,1.299207039,1.185687366,1.185687366,1.299207039,1.185687366,1.185687366,1.185687366,1.412726712,1.412726712,1.412726712,1.412726712,1.299207039,1.412726712,1.412726712,1.526246384
24,105,1.157271565,1.314489453,1.235880509,1.157271565,1.157271565,1.235880509,1.235880509,1.314489453,1.471707342,1.235880509,1.235880509,1.314489453,1.314489453,1.393098398,1.393098398,1.314489453,1.393098398,1.393098398,1.471707342,1.471707342
24,106,1.184871551,1.268663188,1.268663188,1.184871551,1.184871551,1.436246462,1.184871551,1.436246462,1.436246462,1.184871551,1.268663188,1.352454825,1.268663188,1.352454825,1.352454825,1.268663188,1.268663188,1.352454825,1.436246462,1.520038099
24,107,1.255839116,1.255839116,1.255839116,1.146399335,1.146399335,1.255839116,1.365278896,1.365278896,1.365278896,1.255839116,1.255839116,1.365278896,1.365278896,1.365278896,1.365278896,1.255839116,1.255839116,1.255839116,1.474718677,1.584158457
24,108,1.478596196,1.478596196,1.398578486,1.238543068,1.318560777,1.318560777,1.158525359,1.238543068,1.318560777,1.158525359,1.158525359,1.158525359,1.398578486,1.318560777,1.318560777,1.318560777,1.238543068,1.398578486,1.398578486,1.398578486
24,109,1.259150198,1.259150198,1.338240672,1.259150198,1.180059724,1.259150198,1.180059724,1.259150198,1.338240672,1.180059724,1.180059724,1.259150198,1.259150198,1.338240672,1.417331146,1.417331146,1.417331146,1.417331146,1.49642162,1.49642162
24,110,1.420862886,1.499651371,1.499651371,1.263285915,1.263285915,1.263285915,1.263285915,1.263285915,1.3420744,1.184497429,1.184497429,1.184497429,1.263285915,1.263285915,1.3420744,1.263285915,1.263285915,1.263285915,1.420862886,1.499651371
24,111,1.285122613,1.285122613,1.503148839,1.212447204,1.212447204,1.212447204,1.285122613,1.212447204,1.430473431,1.212447204,1.212447204,1.212447204,1.357798022,1.357798022,1.357798022,1.285122613,1.285122613,1.285122613,1.503148839,1.503148839
24,112,1.158525359,1.318560777,1.398578486,1.238543068,1.398578486,1.318560777,1.158525359,1.238543068,1.318560777,1.158525359,1.158525359,1.238543068,1.398578486,1.318560777,1.478596196,1.318560777,1.398578486,1.318560777,1.398578486,1.478596196
24,113,1.265949025,1.265949025,1.347058081,1.347058081,1.428167138,1.347058081,1.184839969,1.184839969,1.265949025,1.184839969,1.184839969,1.184839969,1.265949025,1.347058081,1.347058081,1.265949025,1.347058081,1.509276194,1.428167138,1.509276194
28,114,1.366222412,1.207184109,1.366222412,1.286703261,1.445741564,1.445741564,1.207184109,1.366222412,1.445741564,1.207184109,1.207184109,1.366222412,1.207184109,1.207184109,1.207184109,1.207184109,1.286703261,1.286703261,1.366222412,1.525260716
28,115,1.29484384,1.29484384,1.399611614,1.190076066,1.190076066,1.29484384,1.190076066,1.29484384,1.399611614,1.190076066,1.190076066,1.29484384,1.29484384,1.29484384,1.399611614,1.190076066,1.399611614,1.399611614,1.504379388,1.504379388
28,116,1.310559006,1.310559006,1.431155771,1.189962242,1.189962242,1.310559006,1.189962242,1.189962242,1.310559006,1.189962242,1.189962242,1.189962242,1.310559006,1.431155771,1.431155771,1.310559006,1.431155771,1.431155771,1.431155771,1.431155771
28,117,1.258043012,1.258043012,1.491447431,1.258043012,1.258043012,1.258043012,1.258043012,1.258043012,1.374745221,1.258043012,1.258043012,1.258043012,1.258043012,1.258043012,1.258043012,1.258043012,1.258043012,1.374745221,1.491447431,1.60814964
28,118,1.359879491,1.359879491,1.250278414,1.359879491,1.469480568,1.250278414,1.250278414,1.469480568,1.469480568,1.359879491,1.250278414,1.140677336,1.140677336,1.359879491,1.140677336,1.359879491,1.250278414,1.250278414,1.359879491,1.359879491
28,119,1.402666307,1.494773607,1.310559006,1.402666307,1.218451706,1.218451706,1.218451706,1.218451706,1.218451706,1.402666307,1.402666307,1.218451706,1.218451706,1.402666307,1.402666307,1.310559006,1.218451706,1.218451706,1.494773607,1.218451706
28,120,1.359792429,1.458259275,1.261325583,1.458259275,1.359792429,1.458259275,1.162858737,1.359792429,1.359792429,1.162858737,1.162858737,1.162858737,1.261325583,1.261325583,1.261325583,1.261325583,1.261325583,1.359792429,1.359792429,1.458259275
28,121,1.45373886,1.317377094,1.181015329,1.181015329,1.45373886,1.317377094,1.317377094,1.45373886,1.317377094,1.181015329,1.181015329,1.181015329,1.317377094,1.181015329,1.317377094,1.45373886,1.317377094,1.45373886,1.317377094,1.317377094
28,122,1.238462531,1.238462531,1.238462531,1.238462531,1.238462531,1.238462531,1.238462531,1.238462531,1.349380185,1.238462531,1.238462531,1.238462531,1.349380185,1.349380185,1.460297839,1.349380185,1.238462531,1.460297839,1.460297839,1.571215493
28,123,1.208391301,1.321910973,1.548950319,1.321910973,1.208391301,1.321910973,1.321910973,1.321910973,1.321910973,1.208391301,1.208391301,1.208391301,1.208391301,1.208391301,1.321910973,1.321910973,1.321910973,1.321910973,1.435430646,1.548950319
28,124,1.307193853,1.172587728,1.441799978,1.374496916,1.441799978,1.307193853,1.239890791,1.239890791,1.441799978,1.172587728,1.172587728,1.172587728,1.239890791,1.307193853,1.441799978,1.307193853,1.239890791,1.307193853,1.441799978,1.441799978
28,125,1.250550966,1.250550966,1.383902167,1.383902167,1.317226566,1.250550966,1.183875365,1.183875365,1.183875365,1.183875365,1.183875365,1.183875365,1.383902167,1.383902167,1.450577767,1.383902167,1.383902167,1.383902167,1.450577767,1.450577767
28,126,1.357475852,1.357475852,1.474767967,1.240183737,1.240183737,1.357475852,1.240183737,1.240183737,1.240183737,1.240183737,1.240183737,1.240183737,1.240183737,1.240183737,1.240183737,1.240183737,1.357475852,1.357475852,1.474767967,1.592060081
28,127,1.310559006,1.42336695,1.42336695,1.197751063,1.310559006,1.310559006,1.310559006,1.310559006,1.310559006,1.197751063,1.197751063,1.197751063,1.310559006,1.310559006,1.197751063,1.197751063,1.310559006,1.310559006,1.536174894,1.536174894
28,128,1.19615087,1.19615087,1.501239233,1.348695052,1.272422961,1.272422961,1.19615087,1.272422961,1.501239233,1.19615087,1.19615087,1.272422961,1.272422961,1.272422961,1.501239233,1.272422961,1.348695052,1.348695052,1.348695052,1.424967142
42,129,1.222276737,1.222276737,1.299043928,1.375811118,1.222276737,1.452578309,1.452578309,1.299043928,1.145509546,1.299043928,1.299043928,1.375811118,1.299043928,1.299043928,1.452578309,1.375811118,1.145509546,1.145509546,1.452578309,1.375811118
42,130,1.204251455,1.397537911,1.397537911,1.397537911,1.494181139,1.494181139,1.204251455,1.204251455,1.300894683,1.107608228,1.204251455,1.300894683,1.300894683,1.204251455,1.300894683,1.300894683,1.300894683,1.300894683,1.397537911,1.397537911
42,131,1.169571524,1.169571524,1.169571524,1.169571524,1.241872797,1.31417407,1.458776616,1.241872797,1.31417407,1.31417407,1.241872797,1.386475343,1.386475343,1.458776616,1.458776616,1.31417407,1.241872797,1.386475343,1.458776616,1.31417407
42,132,1.253858948,1.348359045,1.348359045,1.159358852,1.537359237,1.442859141,1.159358852,1.253858948,1.253858948,1.159358852,1.159358852,1.253858948,1.348359045,1.348359045,1.348359045,1.348359045,1.348359045,1.442859141,1.348359045,1.348359045
42,133,1.298412255,1.419879766,1.419879766,1.298412255,1.419879766,1.419879766,1.298412255,1.298412255,1.176944745,1.055477234,1.176944745,1.298412255,1.176944745,1.298412255,1.419879766,1.298412255,1.419879766,1.298412255,1.298412255,1.419879766
42,134,1.232082401,1.344191837,1.344191837,1.344191837,1.456301273,1.456301273,1.232082401,1.232082401,1.232082401,1.119972965,1.119972965,1.232082401,1.344191837,1.344191837,1.232082401,1.344191837,1.344191837,1.344191837,1.456301273,1.456301273
42,135,1.211658702,1.211658702,1.494231,1.117467936,1.117467936,1.305849468,1.400040234,1.400040234,1.305849468,1.211658702,1.305849468,1.305849468,1.305849468,1.400040234,1.400040234,1.400040234,1.211658702,1.400040234,1.400040234,1.305849468
42,136,1.395833796,1.395833796,1.395833796,1.168434356,1.282134076,1.282134076,1.395833796,1.168434356,1.282134076,1.395833796,1.395833796,1.282134076,1.282134076,1.509533516,1.168434356,1.282134076,1.168434356,1.395833796,1.395833796,1.168434356
42,137,1.137692179,1.347227727,1.347227727,1.242459953,1.451995501,1.451995501,1.451995501,1.242459953,1.347227727,1.242459953,1.137692179,1.242459953,1.347227727,1.451995501,1.347227727,1.347227727,1.242459953,1.347227727,1.347227727,1.137692179
42,138,1.198492033,1.198492033,1.270793306,1.198492033,1.198492033,1.415395852,1.198492033,1.270793306,1.415395852,1.198492033,1.198492033,1.343094579,1.415395852,1.343094579,1.415395852,1.343094579,1.270793306,1.487697125,1.343094579,1.487697125
42,139,1.170971958,1.253081986,1.253081986,1.170971958,1.170971958,1.335192015,1.499412072,1.417302043,1.335192015,1.170971958,1.253081986,1.417302043,1.170971958,1.335192015,1.335192015,1.335192015,1.335192015,1.417302043,1.417302043,1.417302043
42,140,1.424565709,1.424565709,1.25566689,1.3401163,1.3401163,1.3401163,1.25566689,1.25566689,1.424565709,1.086768071,1.17121748,1.17121748,1.25566689,1.3401163,1.3401163,1.17121748,1.3401163,1.424565709,1.424565709,1.424565709
42,141,1.183003704,1.07208605,1.404839012,1.183003704,1.183003704,1.404839012,1.293921358,1.293921358,1.293921358,1.293921358,1.183003704,1.293921358,1.404839012,1.404839012,1.404839012,1.293921358,1.404839012,1.404839012,1.404839012,1.404839012
42,142,1.429572375,1.280805664,1.429572375,1.429572375,1.280805664,1.429572375,1.280805664,1.280805664,1.280805664,1.280805664,1.280805664,1.280805664,1.429572375,1.280805664,1.280805664,1.280805664,1.280805664,0.9832722429,1.429572375,1.280805664
42,143,1.247117292,1.172479981,1.396391914,1.321754603,1.396391914,1.396391914,1.172479981,1.247117292,1.396391914,1.09784267,1.172479981,1.172479981,1.396391914,1.396391914,1.396391914,1.321754603,1.396391914,1.321754603,1.396391914,1.396391914
42,144,1.248117697,1.352186546,1.456255394,1.248117697,1.352186546,1.352186546,1.248117697,1.248117697,1.352186546,1.144048849,1.144048849,1.352186546,1.248117697,1.352186546,1.352186546,1.456255394,1.248117697,1.456255394,1.144048849,1.456255394
47,145,1.482512728,1.355139601,1.355139601,1.227766474,1.227766474,1.227766474,1.227766474,1.227766474,1.355139601,1.355139601,1.100393347,1.355139601,1.227766474,1.355139601,1.227766474,1.227766474,1.482512728,1.355139601,1.482512728,1.355139601
47,146,1.252305235,1.252305235,1.252305235,1.252305235,1.252305235,1.252305235,1.252305235,1.252305235,1.368812778,1.135797691,1.135797691,1.252305235,1.368812778,1.485320321,1.368812778,1.485320321,1.368812778,1.485320321,1.368812778,1.368812778
47,147,1.157753375,1.256337653,1.256337653,1.256337653,1.256337653,1.354921931,1.157753375,1.256337653,1.256337653,1.157753375,1.256337653,1.256337653,1.354921931,1.453506209,1.453506209,1.354921931,1.354921931,1.453506209,1.453506209,1.453506209
47,148,1.333706708,1.241115901,1.426297514,1.333706708,1.333706708,1.426297514,1.241115901,1.333706708,1.241115901,1.148525095,1.148525095,1.148525095,1.241115901,1.333706708,1.426297514,1.241115901,1.518888321,1.426297514,1.333706708,1.333706708
47,149,1.269907475,1.450580948,1.360244212,1.360244212,1.360244212,1.450580948,1.269907475,1.179570738,1.269907475,1.179570738,1.179570738,1.179570738,1.269907475,1.360244212,1.360244212,1.179570738,1.269907475,1.360244212,1.360244212,1.540917685
47,150,1.359342799,1.278036477,1.440649121,1.196730155,1.196730155,1.359342799,1.196730155,1.196730155,1.278036477,1.196730155,1.196730155,1.196730155,1.359342799,1.359342799,1.278036477,1.440649121,1.521955444,1.440649121,1.359342799,1.359342799
47,151,1.357603171,1.357603171,1.420328723,1.357603171,1.169426513,1.294877618,1.169426513,1.294877618,1.169426513,1.169426513,1.169426513,1.169426513,1.420328723,1.357603171,1.420328723,1.420328723,1.294877618,1.420328723,1.357603171,1.420328723
47,152,1.19615087,1.19615087,1.272422961,1.272422961,1.19615087,1.272422961,1.19615087,1.348695052,1.348695052,1.19615087,1.19615087,1.272422961,1.348695052,1.424967142,1.424967142,1.272422961,1.501239233,1.348695052,1.501239233,1.424967142
47,153,1.285925998,1.368036026,1.368036026,1.203815969,1.203815969,1.285925998,1.121705941,1.203815969,1.368036026,1.203815969,1.121705941,1.285925998,1.368036026,1.368036026,1.368036026,1.450146055,1.368036026,1.368036026,1.450146055,1.450146055
47,154,1.359342799,1.440649121,1.278036477,1.196730155,1.278036477,1.359342799,1.196730155,1.278036477,1.359342799,1.196730155,1.196730155,1.196730155,1.196730155,1.278036477,1.278036477,1.359342799,1.359342799,1.521955444,1.359342799,1.521955444
47,155,1.39294228,1.289963188,1.289963188,1.186984095,1.186984095,1.289963188,1.186984095,1.289963188,1.289963188,1.186984095,1.186984095,1.186984095,1.289963188,1.39294228,1.39294228,1.39294228,1.495921372,1.495921372,1.39294228,1.39294228
47,156,1.219292886,1.219292886,1.306213,1.219292886,1.219292886,1.219292886,1.219292886,1.306213,1.306213,1.219292886,1.219292886,1.393133115,1.219292886,1.393133115,1.393133115,1.393133115,1.393133115,1.480053229,1.306213,1.566973344
47,157,1.285122613,1.212447204,1.285122613,1.212447204,1.285122613,1.285122613,1.212447204,1.285122613,1.285122613,1.139771796,1.139771796,1.212447204,1.357798022,1.430473431,1.430473431,1.430473431,1.430473431,1.430473431,1.430473431,1.430473431
47,158,1.330474906,1.463247574,1.39686124,1.197702238,1.197702238,1.264088572,1.197702238,1.197702238,1.264088572,1.197702238,1.197702238,1.197702238,1.39686124,1.330474906,1.39686124,1.264088572,1.463247574,1.39686124,1.39686124,1.463247574
47,159,1.32853651,1.148761468,1.418424032,1.148761468,1.148761468,1.238648989,1.238648989,1.238648989,1.418424032,1.238648989,1.238648989,1.238648989,1.32853651,1.418424032,1.418424032,1.418424032,1.32853651,1.418424032,1.418424032,1.418424032
47,160,1.211658702,1.211658702,1.305849468,1.211658702,1.211658702,1.211658702,1.211658702,1.400040234,1.400040234,1.211658702,1.305849468,1.211658702,1.494231,1.400040234,1.400040234,1.211658702,1.400040234,1.400040234,1.494231,1.305849468
47,161,1.165148803,1.326715695,1.326715695,1.245932249,1.165148803,1.165148803,1.245932249,1.326715695,1.407499142,1.165148803,1.326715695,1.326715695,1.245932249,1.407499142,1.326715695,1.245932249,1.407499142,1.407499142,1.488282588,1.488282588